logo design, 48
logo, 24
nft art, 12
data entry, 48
video editing, 8
nft, 4
wordpress, 12
voice over, 8
shopify website, 4
background removal, 12
website development, 24
minimalist logo, 24
business card, 12
photoshop, 12
photo editing, 8
dropshipping, 48
wordpress website design, 4
copywriting, 4
python, 4
youtube thumbnail, 8
illustration, 48
logo animation, 48
t-shirt design, 48
twitch emotes, 48
excel, 24
3d modeling, 24
web design, 12
shopify store, 4
twitch overlay, 8
tiktok, 48
wordpress website, 12
anime, 12
twitch, 24
art, 12
powerpoint presentation, 4
video editor, 12
flyer design, 24
translation, 24
youtube intro, 4
article writing, 4
logo design business, 8
wix, 8
transcription, 12
java, 12
webflow, 12
jewelry retouch, 24
branding, 48
photoshop editing, 24
drawing, 48
flyer, 12
building mobile app, 8
business logo, 8
ghostwriter, 8
3d, 4
music, 4
children story book illustration, 4
3d model, 8
voice actor, 12
character design, 12
vector tracing, 12
nft collection, 24
bulk t shirt, 24
explainer video, 48
album cover, 4
voiceover, 8
autocad, 24
social media post design, 12
packaging design, 48
design, 24
writing, 24